{
    "loss": 0.36546680331230164,
    "accuracy": 0.8596977591514587
}