{
    "loss": 0.06897712498903275,
    "accuracy": 0.9846347570419312
}